<?xml version="1.0" encoding="UTF-8" standalone="yes"?>
<addon id="plugin.video.Heisenberg"
       name="[COLOR lime][B]Heisenberg[/B] [/COLOR]"
       version="0.0.1"
       provider-name="[COLOR gold][B]Equipo Heisenberg[/B][/COLOR] ">
  <requires>
    <import addon="xbmc.python" version="2.1.0"/>
   
	<import addon="script.module.youtube.dl" optional="true"/>
    <import addon="plugin.video.youtube" optional="true" />
    <import addon="script.module.urlresolver" optional="true"/>
  </requires>
  <extension point="xbmc.python.pluginsource"
            library="addon.py">
        <provides>video</provides>
  </extension>
  <extension point="xbmc.addon.metadata">
    <summary lang="es">ESTE ADDON NO CONTIENE ENLACES PROPIOS TODOS LOS ENLACES ESTÁN EN LA NUBE Y EN PAGINAS DE INTERNET NO TENEMOS NINGÚN CONTENIDO PROPIO POR LO TANTO LOS CREADORES DE ESTE PLUGIN NO SE HACEN RESPONSABLES DEL CONTENIDO.</summary>
    <language>es</language>
    <description lang="es">ESTE ADDON NO CONTIENE ENLACES PROPIOS TODOS LOS ENLACES ESTÁN EN LA NUBE Y EN PAGINAS DE INTERNET NO TENEMOS NINGÚN CONTENIDO PROPIO POR LO TANTO LOS CREADORES DE ESTE PLUGIN NO SE HACEN RESPONSABLES DEL CONTENIDO.</description>
     <platform>all</platform>
  </extension>
</addon>